{
    "animations": {
        "animA": {
            "bones": {}, 
            "deform": {
                "default": {
                    "polyPlane_coinB_1": {
                        "coinB": [
                            {
                                "time": 0.0, 
                                "vertices": [
                                    -150.0, 
                                    56.29050135612488, 
                                    13.038897514343262, 
                                    150.0, 
                                    150.0, 
                                    53.11020612716675, 
                                    -117.9872989654541, 
                                    105.90240061283112, 
                                    -63.287101686000824, 
                                    135.16080379486084, 
                                    102.72209644317627, 
                                    124.9839037656784, 
                                    150.0, 
                                    -32.12052807211876, 
                                    -150.0, 
                                    -4.770456254482269, 
                                    129.43620085716248, 
                                    -57.56249874830246, 
                                    76.00800096988678, 
                                    -102.72209644317627, 
                                    4.1342999786138535, 
                                    -119.25959587097168, 
                                    -44.841599464416504, 
                                    -118.62330436706543, 
                                    -110.99070310592651, 
                                    -93.1814968585968, 
                                    -130.70849776268005, 
                                    -59.470801055431366
                                ]
                            }, 
                            {
                                "time": 4.0, 
                                "vertices": [
                                    0.0, 
                                    0.0, 
                                    0.0, 
                                    0.0, 
                                    0.0, 
                                    0.0, 
                                    0.0, 
                                    0.0, 
                                    0.0, 
                                    0.0, 
                                    0.0, 
                                    0.0, 
                                    0.0, 
                                    0.0, 
                                    0.0, 
                                    0.0, 
                                    0.0, 
                                    0.0, 
                                    0.0, 
                                    0.0, 
                                    0.0, 
                                    0.0, 
                                    0.0, 
                                    0.0, 
                                    0.0, 
                                    0.0, 
                                    0.0, 
                                    0.0
                                ]
                            }
                        ]
                    }, 
                    "polyPlane_message_otanjoubi_omedetou_1": {
                        "message_otanjoubi_omedetou": [
                            {
                                "time": 0.0, 
                                "vertices": [
                                    -366.2287950515747, 
                                    136.8570905327797, 
                                    -332.367205619812, 
                                    157.41616505384445, 
                                    -254.56640720367432, 
                                    152.98155462741852, 
                                    -234.81359481811523, 
                                    128.39189699292183, 
                                    -220.30160427093506, 
                                    91.70834210515022, 
                                    -224.73599910736084, 
                                    37.287976786494255, 
                                    -232.39519596099854, 
                                    5.8449298851192, 
                                    -260.21039485931396, 
                                    -17.938830189406872, 
                                    -342.848801612854, 
                                    -17.938830189406872, 
                                    -371.87280654907227, 
                                    3.4266959046944976, 
                                    -383.96639823913574, 
                                    92.51478579640388, 
                                    -374.6943950653076, 
                                    124.36078503727913
                                ]
                            }, 
                            {
                                "time": 4.0, 
                                "vertices": [
                                    0.0, 
                                    0.0, 
                                    0.0, 
                                    0.0, 
                                    0.0, 
                                    0.0, 
                                    0.0, 
                                    0.0, 
                                    0.0, 
                                    0.0, 
                                    0.0, 
                                    0.0, 
                                    0.0, 
                                    0.0, 
                                    0.0, 
                                    0.0, 
                                    0.0, 
                                    0.0, 
                                    0.0, 
                                    0.0, 
                                    0.0, 
                                    0.0, 
                                    0.0, 
                                    0.0
                                ]
                            }
                        ]
                    }
                }
            }, 
            "slots": {
                "polyPlane_message_otanjoubi_omedetou_1": {
                    "attachment": [
                        {
                            "name": "message_otanjoubi_omedetou", 
                            "time": 0
                        }
                    ]
                }
            }
        }
    }, 
    "bones": [
        {
            "name": "spine_RootSkeleton"
        }, 
        {
            "name": "card_set", 
            "parent": "spine_RootSkeleton"
        }
    ], 
    "skeleton": {
        "images": "../images/"
    }, 
    "skins": {
        "default": {
            "polyPlane_message_otanjoubi_omedetou_1": {
                "message_otanjoubi_omedetou": {
                    "edges": [
                        0, 
                        2, 
                        2, 
                        4, 
                        4, 
                        6, 
                        6, 
                        8, 
                        8, 
                        10, 
                        10, 
                        12, 
                        12, 
                        14, 
                        14, 
                        16, 
                        16, 
                        18, 
                        18, 
                        20, 
                        20, 
                        22, 
                        0, 
                        22
                    ], 
                    "height": 546, 
                    "hull": 12,